Input Prompt,Output Answer,Uncertainty,Model
tell me about the international and national arenas in Cyprus,"In the international arena, Cyprus is a member of the United Nations, the European Union, the Commonwealth of Nations, and the Non-Aligned Movement. It has historically had close ties with Greece and the United Kingdom, with both countries playing key roles in the island's history and politics.

Cyprus has been known for its role in peacekeeping missions, with its troops serving in various UN peacekeeping missions around the world. The island has also been involved in efforts to find a peaceful resolution to the long",4.967319846153259,gpt-3.5-turbo
How did the european union react when cyprus was divided along ethnic lines in 1964 due to EOKA terror campaign?,"The European Union (EU) did not exist in 1964, as it was not officially formed until the Maastricht Treaty in 1993. However, individual member states of the EU at the time likely had varying reactions to the division of Cyprus along ethnic lines as a result of the EOKA terror campaign.

Some European countries may have expressed concern or condemnation of the violence and division in Cyprus, while others may have supported one side or the other based on their own political interests.",5.380007177591324,gpt-3.5-turbo
Have the greek Cypriots always constituted a majority in Cyprus?,"No, the Greek Cypriots have not always constituted a majority in Cyprus. Before the island's independence in 1960, Cyprus was under British colonial rule and there was a significant Turkish Cypriot population on the island. The Greek Cypriots have historically been the largest ethnic group in Cyprus, but the Turkish Cypriots have also been a significant minority population. After the independence of Cyprus, tensions between the Greek and Turkish Cypriots led to a series of conflicts",3.587272852659223,gpt-3.5-turbo
What about the bronze time in cyprus,"During the Bronze Age in Cyprus, which lasted from approximately 2300 to 1050 BC, the island was extensively settled and saw the establishment of sophisticated societies with advanced technology and trade networks. The Bronze Age in Cyprus is characterized by the development of metalworking, advanced agriculture, and the construction of large, fortified settlements.

Some notable archaeological sites from the Bronze Age in Cyprus include the ancient city of Enkomi, which was an important center for copper production and trade, and the city-king",4.399433612823486,gpt-3.5-turbo
What were the causes of the Turkish invasion in Cyprus?,"The Turkish invasion of Cyprus in 1974 was primarily caused by a combination of factors, including:

1. Ethnic tensions between the Greek Cypriot majority and the Turkish Cypriot minority on the island. These tensions were exacerbated by nationalist sentiments and the desire for self-determination by both communities.

2. The desire of the Turkish government to protect the rights and interests of the Turkish Cypriot population on the island. The Turkish Cypriots had been marginalized and discriminated against in the",3.099676364231419,gpt-3.5-turbo
What was the Greek Junta?,"The Greek Junta, also known as the Regime of the Colonels, was a military dictatorship that ruled Greece from 1967 to 1974. The junta came to power through a coup d'Ã©tat led by a group of right-wing military officers on April 21, 1967. The regime suspended civil liberties, dissolved political parties, and imposed censorship on the media. The junta's rule was characterized by repression, political persecution, and human rights abuses. The regime was",2.5135176060923743,gpt-3.5-turbo
Did Greek-Cypriots involved in the Greek junta?,"There is limited information available on specific cases of Greek-Cypriots being directly involved in the Greek junta that ruled Greece from 1967 to 1974. However, it is known that some Greek-Cypriot individuals did have connections or sympathies with the military dictatorship during this period. In fact, some Greek-Cypriots living in Greece at the time did actively support the junta, while others opposed it.

It is important to note that the Greek junta had a significant",4.920645594596863,gpt-3.5-turbo
what about the Classical Period of Cyprus?,"The Classical Period of Cyprus refers to the time period between the 5th and 4th centuries BC, during which Cyprus was under the influence of various Greek city-states, most notably Athens. This period was characterized by the establishment of numerous city-kingdoms on the island, each ruled by a local monarch.

During the Classical Period, Cyprus became an important center for Greek culture and commerce in the eastern Mediterranean. The city-kingdoms engaged in trade with other Greek cities and the wider",5.060290664434433,gpt-3.5-turbo
Can you give me suggested question that I might use in an exam for that period?,"Certainly! Here are some suggested questions that you could use in an exam for a specific historical period:

1. Describe the social and economic changes that occurred during the Industrial Revolution in Europe.
2. Analyze the impact of imperialism on indigenous populations in Africa during the 19th and early 20th centuries.
3. Discuss the factors that led to the outbreak of World War I and evaluate the consequences of the war on global politics.
4. Explain the significance of the Civil Rights Movement in the United",3.8885022401809706,gpt-3.5-turbo
Give me questions about the Classical period in cyprus,"1. What were the main characteristics of the Classical period in Cyprus?
2. How did the political structure and society in Cyprus change during the Classical period?
3. What role did Cyprus play in the wider Mediterranean world during the Classical period?
4. How did the art and architecture in Cyprus develop during the Classical period?
5. What were some of the key events or figures in the history of Cyprus during the Classical period?
6. How did religion and religious practices change in Cyprus during this time?
",2.366867725615464,gpt-3.5-turbo
Have the greek Cypriots always constituted a majority in Cyprus?,"No, the Greek Cypriots have not always constituted a majority in Cyprus. Prior to the Turkish invasion of Cyprus in 1974, the population of Cyprus was roughly 80% Greek Cypriot and 18% Turkish Cypriot. However, following the invasion and subsequent division of the island, the Turkish Cypriots established their own separate entity in the northern part of Cyprus, known as the Turkish Republic of Northern Cyprus, and the demographics of the island changed significantly. Today",4.731328547000886,gpt-3.5-turbo
what about the Classical Period of Cyprus?,"The Classical Period of Cyprus refers to the time in ancient history when the island was under the influence of various classical civilizations, such as the Greeks and Romans. This period is generally considered to have begun around the 4th century BC and lasted until the 4th century AD.

During the Classical Period, Cyprus was an important trading hub in the eastern Mediterranean and played a significant role in the spread of Hellenistic culture. The island was also a strategic military and commercial outpost for various empires,",4.931393861770629,gpt-3.5-turbo
Tell me about the Annan plan and the April 2004 plebiscite.,"The Annan Plan was a United Nations proposal aimed at resolving the Cyprus dispute, which sought to reunify the island nation of Cyprus. The plan was put forward by then-UN Secretary-General Kofi Annan in 2004 and was designed to create a bi-communal, bi-zonal federation with a central government and two autonomous regions.

The plan included provisions for power-sharing between the Greek Cypriot and Turkish Cypriot communities, the return of refugees to their homes, and the dem",4.966861009597779,gpt-3.5-turbo
What were the earliest known civilizations to inhabit Cyprus?,"The earliest known civilizations to inhabit Cyprus were the Neolithic and Chalcolithic cultures that existed on the island around 8200-2800 BC. These early inhabitants were known for their advanced agricultural practices, pottery-making, and trading activities with other Mediterranean cultures. Later on, Cyprus was also inhabited by Bronze Age civilizations such as the Mycenaeans, Phoenicians, and Greeks.",6.168530642986298,gpt-3.5-turbo
How did Cyprus fare during the Bronze Age?,"Cyprus flourished during the Bronze Age, becoming a major center of trade and commerce in the eastern Mediterranean region. The island's rich copper mines were a key resource that fueled its economy and attracted traders from other parts of the ancient world. Cyprus developed sophisticated metallurgical techniques and became known for its high-quality bronze goods, which were highly sought after by neighboring civilizations.

The Bronze Age saw the rise of several powerful city-states on Cyprus, each with its own unique culture and political system. The most notable",3.5090756118297586,gpt-3.5-turbo
What role did Cyprus play in the trade networks of the ancient Mediterranean?,"Cyprus played a significant role in the trade networks of the ancient Mediterranean as it was strategically located at the crossroads of Europe, Asia, and Africa. The island was known for its rich natural resources, including copper, timber, and agricultural products, making it an important hub for trade. 

Cyprus was a major producer of copper, which was in high demand in the ancient world for making tools, weapons, and other metal goods. The island's copper mines were among the most important in the",2.977509180524471,gpt-3.5-turbo
Who were the major powers that exerted influence over Cyprus in antiquity?,"Some of the major powers that exerted influence over Cyprus in antiquity include:

1. The Assyrians: The Assyrians conquered Cyprus in the 8th century BC and ruled over the island for a brief period.

2. The Egyptians: Cyprus was at various times under the control of the Egyptian pharaohs, particularly during the New Kingdom period.

3. The Persians: The Persians conquered Cyprus in the 6th century BC and ruled over the island for approximately two centuries.

4",4.966551108439026,gpt-3.5-turbo
How did Cyprus come under Egyptian rule during the New Kingdom period?,"Cyprus came under Egyptian rule during the New Kingdom period primarily through military conquest and political influence. The pharaohs of the New Kingdom, particularly Thutmose III and his successors, conducted numerous military campaigns in the eastern Mediterranean region to expand Egyptian territories and establish control over important trade routes. Cyprus, with its strategic location and valuable resources, became a target for Egyptian conquest.

Egyptian forces invaded Cyprus multiple times during the New Kingdom period, eventually establishing a military presence on the island. The Egyptians also",2.9430865225857317,gpt-3.5-turbo
What evidence exists of Mycenaean influence on Cyprus?,"1. Mycenaean pottery: Mycenaean pottery has been found in significant quantities at various archaeological sites across Cyprus, indicating trade and cultural exchange between the Mycenaean Greeks and the Cypriots.

2. Mycenaean architecture: Some archaeological sites in Cyprus, such as the ancient city of Kition, show evidence of Mycenaean architectural influences, such as the use of ashlar masonry and megaron-style buildings.

3. Mycenaean",2.853784307837489,gpt-3.5-turbo
How did Cyprus participate in the Greek Dark Ages?,"Cyprus is believed to have been significantly influenced by the events of the Greek Dark Ages, a period of cultural and economic decline in mainland Greece around 1100-750 BC. During this time, Cyprus saw an influx of settlers and refugees from Mycenaean Greece, leading to the spread of Mycenaean cultural practices and technologies on the island.

Archaeological evidence indicates that the population of Cyprus increased during the Greek Dark Ages, with new settlements and cities emerging in various parts of the",5.6598907113075265,gpt-3.5-turbo
